stateCode,stateName,localBodyCode,localBodyName,localBodyType,total_pincodes,matching_pincodes,predicted_districtCode,predicted_districtName,overlap_%,confidence_level,validation_flag,strategy_used,2nd_best_districtCode,2nd_best_districtName,gap_to_2nd_%,top3_candidates
36,Telangana,248087,Mancherial,Municipality,1,1,501,Adilabad,100.0,High,AMBIGUOUS,S1:same_state+prefix3,699.0,Kumuram Bheem Asifabad,0.0,501:Adilabad (100.0%); 699:Kumuram Bheem Asifabad (100.0%); 684:Mancherial (100.0%)
36,Telangana,248097,Zaheerabad,Municipality,1,1,513,Medak,100.0,High,AMBIGUOUS,S1:same_state+prefix3,691.0,Sangareddy,0.0,513:Medak (100.0%); 691:Sangareddy (100.0%); 692:Siddipet (100.0%)
36,Telangana,248101,Mahabubnagar,Municipality,1,1,695,Jogulamba Gadwal,100.0,High,AMBIGUOUS,S1:same_state+prefix3,512.0,Mahabubnagar,0.0,695:Jogulamba Gadwal (100.0%); 512:Mahabubnagar (100.0%); 694:Nagarkurnool (100.0%)
36,Telangana,248104,Wanaparthy,Municipality,1,1,695,Jogulamba Gadwal,100.0,High,AMBIGUOUS,S1:same_state+prefix3,512.0,Mahabubnagar,0.0,695:Jogulamba Gadwal (100.0%); 512:Mahabubnagar (100.0%); 694:Nagarkurnool (100.0%)
36,Telangana,248105,Khammam,Municipal Corporations,1,1,690,Bhadradri Kothagudem,100.0,High,AMBIGUOUS,S1:same_state+prefix3,509.0,Khammam,0.0,690:Bhadradri Kothagudem (100.0%); 509:Khammam (100.0%); 688:Mahabubabad (100.0%)
28,Andhra Pradesh,248113,Guntakal,Municipality,1,1,754,Sri Sathya Sai,100.0,High,AMBIGUOUS,S1:same_state+prefix3,502.0,Ananthapuramu,0.0,754:Sri Sathya Sai (100.0%); 502:Ananthapuramu (100.0%)
28,Andhra Pradesh,248119,Madanapalli,Municipality,1,1,753,Annamayya,100.0,High,AMBIGUOUS,S1:same_state+prefix3,503.0,Chittoor,0.0,753:Annamayya (100.0%); 503:Chittoor (100.0%); 752:Tirupati (100.0%)
28,Andhra Pradesh,248121,Tirupati,Municipal Corporations,1,1,753,Annamayya,100.0,High,AMBIGUOUS,S1:same_state+prefix3,503.0,Chittoor,0.0,753:Annamayya (100.0%); 503:Chittoor (100.0%); 752:Tirupati (100.0%)
3,Punjab,248300,Dasua,Municipality,1,1,49,Dehradun,100.0,High,STRONG MATCH,S2:cross_state+prefix3,,,100.0,49:Dehradun (100.0%)
3,Punjab,248301,Gardhiwala,Municipality,1,1,49,Dehradun,100.0,High,STRONG MATCH,S2:cross_state+prefix3,,,100.0,49:Dehradun (100.0%)
3,Punjab,248302,Urmar Tanda,Municipality,1,1,49,Dehradun,100.0,High,STRONG MATCH,S2:cross_state+prefix3,,,100.0,49:Dehradun (100.0%)
3,Punjab,248303,Mukerian,Municipality,1,1,49,Dehradun,100.0,High,STRONG MATCH,S2:cross_state+prefix3,,,100.0,49:Dehradun (100.0%)
3,Punjab,248305,Talwara,Town Panchayat,1,1,49,Dehradun,100.0,High,STRONG MATCH,S2:cross_state+prefix3,,,100.0,49:Dehradun (100.0%)
3,Punjab,248306,Hariana,Municipality,1,1,49,Dehradun,100.0,High,STRONG MATCH,S2:cross_state+prefix3,,,100.0,49:Dehradun (100.0%)
3,Punjab,248308,Hoshiarpur,Municipal Corporations,1,1,49,Dehradun,100.0,High,STRONG MATCH,S2:cross_state+prefix3,,,100.0,49:Dehradun (100.0%)
3,Punjab,248309,Sham Chaurasi,Municipality,1,1,49,Dehradun,100.0,High,STRONG MATCH,S2:cross_state+prefix3,,,100.0,49:Dehradun (100.0%)
3,Punjab,248310,Mahilpur,Town Panchayat,1,1,49,Dehradun,100.0,High,STRONG MATCH,S2:cross_state+prefix3,,,100.0,49:Dehradun (100.0%)
3,Punjab,248311,Garhshankar,Municipality,1,1,49,Dehradun,100.0,High,STRONG MATCH,S2:cross_state+prefix3,,,100.0,49:Dehradun (100.0%)
3,Punjab,248315,Balachaur,Municipality,1,1,49,Dehradun,100.0,High,STRONG MATCH,S2:cross_state+prefix3,,,100.0,49:Dehradun (100.0%)
5,Uttarakhand,248434,Rishikesh,Municipal Corporations,1,1,50,Haridwar,100.0,High,AMBIGUOUS,S1:same_state+prefix3,52.0,Pauri Garhwal,0.0,50:Haridwar (100.0%); 52:Pauri Garhwal (100.0%); 53:Pithoragarh (100.0%)
5,Uttarakhand,248483,Landhaura,Town Panchayat,1,1,50,Haridwar,100.0,High,STRONG MATCH,S1:same_state+prefix3,,,100.0,50:Haridwar (100.0%)
6,Haryana,248521,Panipat,Municipal Corporations,1,1,67,Karnal,100.0,High,AMBIGUOUS,S1:same_state+prefix3,71.0,Panipat,0.0,67:Karnal (100.0%); 71:Panipat (100.0%)
9,Uttar Pradesh,248942,Kemri,Town Panchayat,1,1,154,Amroha,100.0,High,AMBIGUOUS,S1:same_state+prefix3,171.0,Moradabad,0.0,154:Amroha (100.0%); 171:Moradabad (100.0%); 659:Sambhal (100.0%)
9,Uttar Pradesh,249029,Vijaigarh,Town Panchayat,1,1,119,Aligarh,100.0,High,AMBIGUOUS,S1:same_state+prefix3,163.0,Hathras,0.0,119:Aligarh (100.0%); 163:Hathras (100.0%)
9,Uttar Pradesh,249286,Kanpur,Municipal Corporations,1,1,157,Kanpur Nagar,100.0,High,STRONG MATCH,S1:same_state+prefix3,,,100.0,157:Kanpur Nagar (100.0%)
9,Uttar Pradesh,249418,Khargupur,Town Panchayat,1,1,125,Bahraich,100.0,High,AMBIGUOUS,S1:same_state+prefix3,127.0,Balrampur,0.0,125:Bahraich (100.0%); 127:Balrampur (100.0%); 131:Basti (100.0%)
10,Bihar,249585,Jogabani,Municipality,1,1,201,Katihar,100.0,High,AMBIGUOUS,S1:same_state+prefix3,214.0,Purnia,0.0,201:Katihar (100.0%); 214:Purnia (100.0%); 188:Araria (100.0%)
10,Bihar,249599,Saharsa,Municipal Corporations,1,1,202,Khagaria,100.0,High,AMBIGUOUS,S1:same_state+prefix3,216.0,Saharsa,0.0,202:Khagaria (100.0%); 216:Saharsa (100.0%); 205:Madhepura (100.0%)
10,Bihar,249649,Khagaul,Municipality,1,1,209,Nalanda,100.0,High,AMBIGUOUS,S1:same_state+prefix3,212.0,Patna,0.0,209:Nalanda (100.0%); 212:Patna (100.0%)
13,Nagaland,249722,Kohima Municipal Council,Municipality,1,1,758,Chumoukedima,100.0,High,AMBIGUOUS,S1:same_state+prefix3,245.0,Kohima,0.0,758:Chumoukedima (100.0%); 245:Kohima (100.0%); 248:Phek (100.0%)
18,Assam,249851,Palasbari,Municipality,1,1,280,Barpeta,100.0,High,AMBIGUOUS,S1:same_state+prefix3,739.0,Bajali,0.0,280:Barpeta (100.0%); 739:Bajali (100.0%); 616:Baksa (100.0%)
18,Assam,249854,Guwahati,Municipal Corporations,1,1,280,Barpeta,100.0,High,AMBIGUOUS,S1:same_state+prefix3,739.0,Bajali,0.0,280:Barpeta (100.0%); 739:Bajali (100.0%); 616:Baksa (100.0%)
18,Assam,249882,North Lakhimpur,Municipality,1,1,284,Dhemaji,100.0,High,AMBIGUOUS,S1:same_state+prefix3,295.0,Lakhimpur,0.0,284:Dhemaji (100.0%); 295:Lakhimpur (100.0%); 706:Majuli (100.0%)
18,Assam,249925,Diphu,Town Panchayat,1,1,709,Hojai,100.0,High,AMBIGUOUS,S1:same_state+prefix3,618.0,Kamrup Metro,0.0,709:Hojai (100.0%); 618:Kamrup Metro (100.0%); 292:Karbi Anglong (100.0%)
18,Assam,249944,Hailakandi,Municipality,1,1,282,Cachar,100.0,High,AMBIGUOUS,S1:same_state+prefix3,289.0,Hailakandi,0.0,282:Cachar (100.0%); 289:Hailakandi (100.0%); 299:Dima Hasao (100.0%)
19,West Bengal,249956,Jalpaiguri,Municipality,1,1,308,Cooch Behar,100.0,High,AMBIGUOUS,S1:same_state+prefix3,314.0,Jalpaiguri,0.0,308:Cooch Behar (100.0%); 314:Jalpaiguri (100.0%); 702:Kalimpong (100.0%)
19,West Bengal,249975,Cooch Behar,Municipality,1,1,308,Cooch Behar,100.0,High,AMBIGUOUS,S1:same_state+prefix3,664.0,Alipurduar,0.0,308:Cooch Behar (100.0%); 664:Alipurduar (100.0%)
19,West Bengal,249998,Murshidabad,Municipality,1,1,319,Murshidabad,100.0,High,STRONG MATCH,S1:same_state+prefix3,,,100.0,319:Murshidabad (100.0%)
19,West Bengal,250024,Rampurhat,Municipality,1,1,307,Birbhum,100.0,High,AMBIGUOUS,S1:same_state+prefix3,319.0,Murshidabad,0.0,307:Birbhum (100.0%); 319:Murshidabad (100.0%)
19,West Bengal,250098,Taherpur,Notified Area Council,1,1,320,Nadia,100.0,High,AMBIGUOUS,S1:same_state+prefix3,319.0,Murshidabad,0.0,320:Nadia (100.0%); 319:Murshidabad (100.0%)
19,West Bengal,250102,Cooper S Camp,Notified Area Council,1,1,320,Nadia,100.0,High,AMBIGUOUS,S1:same_state+prefix3,319.0,Murshidabad,0.0,320:Nadia (100.0%); 319:Murshidabad (100.0%)
19,West Bengal,250129,Garulia,Municipality,1,1,303,North 24 Parganas,100.0,High,AMBIGUOUS,S1:same_state+prefix3,304.0,South 24 Parganas,0.0,303:North 24 Parganas (100.0%); 304:South 24 Parganas (100.0%)
19,West Bengal,250136,Madhyamgram,Municipality,1,1,303,North 24 Parganas,100.0,High,AMBIGUOUS,S1:same_state+prefix3,304.0,South 24 Parganas,0.0,303:North 24 Parganas (100.0%); 304:South 24 Parganas (100.0%)
19,West Bengal,250139,New Barrackpore,Municipality,1,1,303,North 24 Parganas,100.0,High,AMBIGUOUS,S1:same_state+prefix3,304.0,South 24 Parganas,0.0,303:North 24 Parganas (100.0%); 304:South 24 Parganas (100.0%)
19,West Bengal,250140,Kamarhati,Municipality,5,5,303,North 24 Parganas,100.0,High,AMBIGUOUS,S1:same_state+prefix3,304.0,South 24 Parganas,0.0,303:North 24 Parganas (100.0%); 304:South 24 Parganas (100.0%)
19,West Bengal,250141,Baranagar,Municipality,3,3,303,North 24 Parganas,100.0,High,AMBIGUOUS,S1:same_state+prefix3,304.0,South 24 Parganas,0.0,303:North 24 Parganas (100.0%); 304:South 24 Parganas (100.0%)
19,West Bengal,250142,North Dum Dum,Municipality,6,6,303,North 24 Parganas,100.0,High,AMBIGUOUS,S1:same_state+prefix3,304.0,South 24 Parganas,0.0,303:North 24 Parganas (100.0%); 304:South 24 Parganas (100.0%)
19,West Bengal,250143,Dum Dum,Municipality,4,4,303,North 24 Parganas,100.0,High,AMBIGUOUS,S1:same_state+prefix3,304.0,South 24 Parganas,0.0,303:North 24 Parganas (100.0%); 304:South 24 Parganas (100.0%)
19,West Bengal,250144,South Dum Dum,Municipality,4,4,303,North 24 Parganas,100.0,High,AMBIGUOUS,S1:same_state+prefix3,304.0,South 24 Parganas,0.0,303:North 24 Parganas (100.0%); 304:South 24 Parganas (100.0%)
19,West Bengal,250178,Konnagar,Municipality,1,1,312,Hooghly,100.0,High,AMBIGUOUS,S1:same_state+prefix3,306.0,Purba Bardhaman,0.0,312:Hooghly (100.0%); 306:Purba Bardhaman (100.0%); 318:Paschim Medinipur (100.0%)
19,West Bengal,250233,Tamralipta,Municipality,1,1,318,Paschim Medinipur,100.0,High,AMBIGUOUS,S1:same_state+prefix3,703.0,Jhargram,0.0,318:Paschim Medinipur (100.0%); 703:Jhargram (100.0%); 317:Purba Medinipur (100.0%)
19,West Bengal,250234,Haldia,Municipality,1,1,318,Paschim Medinipur,100.0,High,AMBIGUOUS,S1:same_state+prefix3,703.0,Jhargram,0.0,318:Paschim Medinipur (100.0%); 703:Jhargram (100.0%); 317:Purba Medinipur (100.0%)
19,West Bengal,250299,Kolkata,Municipal Corporations,22,22,303,North 24 Parganas,100.0,High,AMBIGUOUS,S1:same_state+prefix3,304.0,South 24 Parganas,0.0,303:North 24 Parganas (100.0%); 304:South 24 Parganas (100.0%)
19,West Bengal,250302,Pujali,Municipality,1,1,303,North 24 Parganas,100.0,High,AMBIGUOUS,S1:same_state+prefix3,304.0,South 24 Parganas,0.0,303:North 24 Parganas (100.0%); 304:South 24 Parganas (100.0%)
20,Jharkhand,250324,Medininagar (Daltonganj) Municipal Corporation,Municipal Corporations,1,1,328,Garhwa,100.0,High,AMBIGUOUS,S1:same_state+prefix3,335.0,Latehar,0.0,328:Garhwa (100.0%); 335:Latehar (100.0%); 338:Palamu (100.0%)
20,Jharkhand,250433,Mango,Municipal Corporations,1,1,327,East Singhbum,100.0,High,AMBIGUOUS,S1:same_state+prefix3,341.0,Saraikela Kharsawan,0.0,327:East Singhbum (100.0%); 341:Saraikela Kharsawan (100.0%)
21,Odisha,250448,Bargarh,Municipality,1,1,351,Deogarh,100.0,High,AMBIGUOUS,S1:same_state+prefix3,347.0,Bargarh,0.0,351:Deogarh (100.0%); 347:Bargarh (100.0%); 371:Sambalpur (100.0%)
21,Odisha,250450,Belpahar,Municipality,1,1,351,Deogarh,100.0,High,AMBIGUOUS,S1:same_state+prefix3,347.0,Bargarh,0.0,351:Deogarh (100.0%); 347:Bargarh (100.0%); 371:Sambalpur (100.0%)
21,Odisha,250458,Sundargarh,Municipality,1,1,373,Sundargarh,100.0,High,AMBIGUOUS,S1:same_state+prefix3,357.0,Jharsuguda,0.0,373:Sundargarh (100.0%); 357:Jharsuguda (100.0%)
21,Odisha,250474,Kendujhar,Municipality,1,1,361,Keonjhar,100.0,High,STRONG MATCH,S1:same_state+prefix3,,,100.0,361:Keonjhar (100.0%)
21,Odisha,250482,Jaleswar,Municipality,1,1,348,Bhadrak,100.0,High,AMBIGUOUS,S1:same_state+prefix3,346.0,Balasore,0.0,348:Bhadrak (100.0%); 346:Balasore (100.0%)
21,Odisha,250486,Baleshwar,Municipality,1,1,348,Bhadrak,100.0,High,AMBIGUOUS,S1:same_state+prefix3,346.0,Balasore,0.0,348:Bhadrak (100.0%); 346:Balasore (100.0%)
21,Odisha,250527,Bellaguntha,Notified Area Council,1,1,353,Gajapati,100.0,High,AMBIGUOUS,S1:same_state+prefix3,354.0,Ganjam,0.0,353:Gajapati (100.0%); 354:Ganjam (100.0%); 370:Rayagada (100.0%)
21,Odisha,250558,Bhawanipatna,Municipality,1,1,358,Kalahandi,100.0,High,AMBIGUOUS,S1:same_state+prefix3,368.0,Nuapada,0.0,358:Kalahandi (100.0%); 368:Nuapada (100.0%)
21,Odisha,250565,Rayagada,Municipality,1,1,370,Rayagada,100.0,High,AMBIGUOUS,S1:same_state+prefix3,353.0,Gajapati,0.0,370:Rayagada (100.0%); 353:Gajapati (100.0%); 363:Koraput (100.0%)
21,Odisha,250569,Nabarangapur,Municipality,1,1,363,Koraput,100.0,High,AMBIGUOUS,S1:same_state+prefix3,364.0,Malkangiri,0.0,363:Koraput (100.0%); 364:Malkangiri (100.0%); 366:Nabarangpur (100.0%)
22,Chhattisgarh,250582,Jhagrakhand,Town Panchayat,1,1,649,Balrampur-Ramanujganj,100.0,High,AMBIGUOUS,S1:same_state+prefix3,760.0,Manendragarh-Chirmiri-Bharatpur(M C B),0.0,649:Balrampur-Ramanujganj (100.0%); 760:Manendragarh-Chirmiri-Bharatpur(M C B) (100.0%); 384:Korea (100.0%)
23,Madhya Pradesh,250809,Dhanpuri,Municipality,1,1,390,Anuppur,100.0,High,AMBIGUOUS,S1:same_state+prefix3,429.0,Shahdol,0.0,390:Anuppur (100.0%); 429:Shahdol (100.0%); 436:Umaria (100.0%)
23,Madhya Pradesh,251023,Chandameta -Butaria,Town Panchayat,1,1,399,Chhindwara,100.0,High,AMBIGUOUS,S1:same_state+prefix3,428.0,Seoni,0.0,399:Chhindwara (100.0%); 428:Seoni (100.0%); 785:Pandhurna (100.0%)
23,Madhya Pradesh,251025,Badkuhi,Town Panchayat,1,1,399,Chhindwara,100.0,High,AMBIGUOUS,S1:same_state+prefix3,428.0,Seoni,0.0,399:Chhindwara (100.0%); 428:Seoni (100.0%); 785:Pandhurna (100.0%)
24,Gujarat,251114,Surendranagar,Municipal Corporations,1,1,457,Rajkot,100.0,High,AMBIGUOUS,S1:same_state+prefix3,460.0,Surendranagar,0.0,457:Rajkot (100.0%); 460:Surendranagar (100.0%); 447:Jamnagar (100.0%)
24,Gujarat,251175,Vallabh Vidyanagar,Municipality,1,1,454,Panch Mahals,100.0,High,AMBIGUOUS,S1:same_state+prefix3,450.0,Kheda,0.0,454:Panch Mahals (100.0%); 450:Kheda (100.0%); 669:Mahisagar (100.0%)
24,Gujarat,251186,Kheda,Municipality,1,1,450,Kheda,100.0,High,AMBIGUOUS,S1:same_state+prefix3,440.0,Anand,0.0,450:Kheda (100.0%); 440:Anand (100.0%)
24,Gujarat,251193,Godhra,Municipality,1,1,454,Panch Mahals,100.0,High,AMBIGUOUS,S1:same_state+prefix3,445.0,Dahod,0.0,454:Panch Mahals (100.0%); 445:Dahod (100.0%); 669:Mahisagar (100.0%)
24,Gujarat,251216,Rajpipla,Municipality,1,1,452,Narmada,100.0,High,AMBIGUOUS,S1:same_state+prefix3,442.0,Bharuch,0.0,452:Narmada (100.0%); 442:Bharuch (100.0%); 641:Tapi (100.0%)
24,Gujarat,251225,Anklesvar,Municipality,1,1,452,Narmada,100.0,High,AMBIGUOUS,S1:same_state+prefix3,442.0,Bharuch,0.0,452:Narmada (100.0%); 442:Bharuch (100.0%); 641:Tapi (100.0%)
27,Maharashtra,251296,Chalisgaon,Municipality,1,1,474,Dhule,100.0,High,AMBIGUOUS,S1:same_state+prefix3,478.0,Jalgaon,0.0,474:Dhule (100.0%); 478:Jalgaon (100.0%); 487:Nashik (100.0%)
27,Maharashtra,251472,Navi Mumbai,Municipal Corporations,1,1,497,Thane,100.0,High,AMBIGUOUS,S1:same_state+prefix3,483.0,Mumbai Suburban,0.0,497:Thane (100.0%); 483:Mumbai Suburban (100.0%); 491:Raigad (100.0%)
27,Maharashtra,251488,Greater Mumbai,Municipal Corporations,30,30,497,Thane,100.0,High,AMBIGUOUS,S1:same_state+prefix3,483.0,Mumbai Suburban,0.0,497:Thane (100.0%); 483:Mumbai Suburban (100.0%); 491:Raigad (100.0%)
27,Maharashtra,251497,Matheran,Municipality,1,1,490,Pune,100.0,High,AMBIGUOUS,S1:same_state+prefix3,483.0,Mumbai Suburban,0.0,490:Pune (100.0%); 483:Mumbai Suburban (100.0%); 491:Raigad (100.0%)
27,Maharashtra,251569,Osmanabad,Municipality,1,1,470,Beed,100.0,High,AMBIGUOUS,S1:same_state+prefix3,488.0,Dharashiv,0.0,470:Beed (100.0%); 488:Dharashiv (100.0%); 466:Ahilyanagar (100.0%)
28,Andhra Pradesh,251719,Visakhapatnam,Municipal Corporations,1,1,520,Visakhapatnam,100.0,High,AMBIGUOUS,S1:same_state+prefix3,521.0,Vizianagaram,0.0,520:Visakhapatnam (100.0%); 521:Vizianagaram (100.0%); 744:Anakapalli (100.0%)
28,Andhra Pradesh,251743,Palacole,Municipality,1,1,505,East Godavari,100.0,High,AMBIGUOUS,S1:same_state+prefix3,748.0,Eluru,0.0,505:East Godavari (100.0%); 748:Eluru (100.0%); 523:West Godavari (100.0%)
28,Andhra Pradesh,251745,Nuzvid,Municipality,1,1,748,Eluru,100.0,High,AMBIGUOUS,S1:same_state+prefix3,510.0,Krishna,0.0,748:Eluru (100.0%); 510:Krishna (100.0%); 749:Ntr (100.0%)
28,Andhra Pradesh,251750,Machilipatnam Municipal Corporation,Municipal Corporations,1,1,748,Eluru,100.0,High,AMBIGUOUS,S1:same_state+prefix3,510.0,Krishna,0.0,748:Eluru (100.0%); 510:Krishna (100.0%); 749:Ntr (100.0%)
28,Andhra Pradesh,251755,Narasaraopeta,Municipality,1,1,750,Bapatla,100.0,High,AMBIGUOUS,S1:same_state+prefix3,506.0,Guntur,0.0,750:Bapatla (100.0%); 506:Guntur (100.0%); 751:Palnadu (100.0%)
28,Andhra Pradesh,251762,Markapur,Municipality,1,1,750,Bapatla,100.0,High,AMBIGUOUS,S1:same_state+prefix3,790.0,Markapuram,0.0,750:Bapatla (100.0%); 790:Markapuram (100.0%); 517:Prakasam (100.0%)
28,Andhra Pradesh,251763,Chirala,Municipality,1,1,750,Bapatla,100.0,High,AMBIGUOUS,S1:same_state+prefix3,790.0,Markapuram,0.0,750:Bapatla (100.0%); 790:Markapuram (100.0%); 517:Prakasam (100.0%)
29,Karnataka,251811,Chikodi,Town Municipal Council,1,1,527,Belagavi,100.0,High,STRONG MATCH,S1:same_state+prefix3,,,100.0,527:Belagavi (100.0%)
29,Karnataka,251818,Gokak,City Municipal Council,1,1,527,Belagavi,100.0,High,STRONG MATCH,S1:same_state+prefix3,,,100.0,527:Belagavi (100.0%)
29,Karnataka,251824,Belagavi,Municipal Corporations,1,1,527,Belagavi,100.0,High,STRONG MATCH,S1:same_state+prefix3,,,100.0,527:Belagavi (100.0%)
29,Karnataka,251842,Vijayapura,Town Municipal Council,1,1,530,Vijayapura,100.0,High,STRONG MATCH,S1:same_state+prefix3,,,100.0,530:Vijayapura (100.0%)
29,Karnataka,251876,Raichur,City Municipal Council,1,1,546,Raichur,100.0,High,STRONG MATCH,S1:same_state+prefix3,,,100.0,546:Raichur (100.0%)
29,Karnataka,251888,Gadag-Betigeri,City Municipal Council,1,1,536,Dharwad,100.0,High,AMBIGUOUS,S1:same_state+prefix3,537.0,Gadag,0.0,536:Dharwad (100.0%); 537:Gadag (100.0%)
29,Karnataka,251982,Sidlaghatta,City Municipal Council,1,1,526,Bengaluru Rural,100.0,High,AMBIGUOUS,S1:same_state+prefix3,525.0,Bengaluru Urban,0.0,526:Bengaluru Rural (100.0%); 525:Bengaluru Urban (100.0%); 631:Bengaluru South (100.0%)
29,Karnataka,251988,Robertson Pet,City Municipal Council,1,1,630,Chikkaballapura,100.0,High,AMBIGUOUS,S1:same_state+prefix3,542.0,Kolar,0.0,630:Chikkaballapura (100.0%); 542:Kolar (100.0%)
29,Karnataka,251993,Vijayapura,Municipal Corporations,1,1,530,Vijayapura,100.0,High,STRONG MATCH,S1:same_state+prefix3,,,100.0,530:Vijayapura (100.0%)
33,Tamil Nadu,252457,Mettur,Municipality,1,1,577,Krishnagiri,100.0,High,AMBIGUOUS,S1:same_state+prefix3,580.0,Namakkal,0.0,577:Krishnagiri (100.0%); 580:Namakkal (100.0%); 584:Salem (100.0%)
33,Tamil Nadu,252458,P.N.Patti,Town Panchayat,1,1,577,Krishnagiri,100.0,High,AMBIGUOUS,S1:same_state+prefix3,580.0,Namakkal,0.0,577:Krishnagiri (100.0%); 580:Namakkal (100.0%); 584:Salem (100.0%)
33,Tamil Nadu,252472,Thevur,Town Panchayat,1,1,580,Namakkal,100.0,High,AMBIGUOUS,S1:same_state+prefix3,584.0,Salem,0.0,580:Namakkal (100.0%); 584:Salem (100.0%); 591:Tiruchirappalli (100.0%)
33,Tamil Nadu,252474,Salem,Municipal Corporations,1,1,577,Krishnagiri,100.0,High,AMBIGUOUS,S1:same_state+prefix3,580.0,Namakkal,0.0,577:Krishnagiri (100.0%); 580:Namakkal (100.0%); 584:Salem (100.0%)
33,Tamil Nadu,252576,Vadugapatti,Town Panchayat,1,1,578,Madurai,100.0,High,AMBIGUOUS,S1:same_state+prefix3,585.0,Sivaganga,0.0,578:Madurai (100.0%); 585:Sivaganga (100.0%); 588:Theni (100.0%)
33,Tamil Nadu,252621,Tiruppur,Municipal Corporations,1,1,573,Erode,100.0,High,AMBIGUOUS,S1:same_state+prefix3,582.0,Pudukkottai,0.0,573:Erode (100.0%); 582:Pudukkottai (100.0%); 569:Coimbatore (100.0%)
33,Tamil Nadu,252679,Odaiyakulam,Town Panchayat,1,1,569,Coimbatore,100.0,High,AMBIGUOUS,S1:same_state+prefix3,634.0,Tiruppur,0.0,569:Coimbatore (100.0%); 634:Tiruppur (100.0%)
33,Tamil Nadu,252689,Valparai,Municipality,1,1,569,Coimbatore,100.0,High,AMBIGUOUS,S1:same_state+prefix3,634.0,Tiruppur,0.0,569:Coimbatore (100.0%); 634:Tiruppur (100.0%)
33,Tamil Nadu,252863,Karaikudi,Municipality,1,1,583,Ramanathapuram,100.0,High,AMBIGUOUS,S1:same_state+prefix3,585.0,Sivaganga,0.0,583:Ramanathapuram (100.0%); 585:Sivaganga (100.0%)
33,Tamil Nadu,252904,Vadugapatti,Town Panchayat,1,1,578,Madurai,100.0,High,AMBIGUOUS,S1:same_state+prefix3,585.0,Sivaganga,0.0,578:Madurai (100.0%); 585:Sivaganga (100.0%); 588:Theni (100.0%)
33,Tamil Nadu,252952,Paramakudi,Municipality,1,1,583,Ramanathapuram,100.0,High,AMBIGUOUS,S1:same_state+prefix3,585.0,Sivaganga,0.0,583:Ramanathapuram (100.0%); 585:Sivaganga (100.0%)
33,Tamil Nadu,252957,Ramanathapuram,Municipality,1,1,583,Ramanathapuram,100.0,High,AMBIGUOUS,S1:same_state+prefix3,585.0,Sivaganga,0.0,583:Ramanathapuram (100.0%); 585:Sivaganga (100.0%)
33,Tamil Nadu,253020,Pathamadai,Town Panchayat,1,1,733,Tenkasi,100.0,High,AMBIGUOUS,S1:same_state+prefix3,594.0,Thoothukkudi,0.0,733:Tenkasi (100.0%); 594:Thoothukkudi (100.0%); 592:Tirunelveli (100.0%)
33,Tamil Nadu,253053,Kothanallur,Town Panchayat,1,1,575,Kanniyakumari,100.0,High,STRONG MATCH,S1:same_state+prefix3,,,100.0,575:Kanniyakumari (100.0%)
33,Tamil Nadu,253054,Verkilambi,Town Panchayat,1,1,575,Kanniyakumari,100.0,High,STRONG MATCH,S1:same_state+prefix3,,,100.0,575:Kanniyakumari (100.0%)
33,Tamil Nadu,253060,Vilavur,Town Panchayat,1,1,575,Kanniyakumari,100.0,High,STRONG MATCH,S1:same_state+prefix3,,,100.0,575:Kanniyakumari (100.0%)
34,Puducherry,253093,Ozhukarai,Municipality,1,1,600,Pondicherry,100.0,High,STRONG MATCH,S1:same_state+prefix3,,,100.0,600:Pondicherry (100.0%)
23,Madhya Pradesh,262903,Shahganj,Town Panchayat,1,1,427,Sehore,100.0,High,AMBIGUOUS,S1:same_state+prefix3,396.0,Bhopal,0.0,427:Sehore (100.0%); 396:Bhopal (100.0%)
5,Uttarakhand,275633,Selaqui(Central Hope Town),Town Panchayat,1,1,49,Dehradun,100.0,High,STRONG MATCH,S1:same_state+prefix3,,,100.0,49:Dehradun (100.0%)
24,Gujarat,276440,Gandhinagar,Municipal Corporations,1,1,460,Surendranagar,100.0,High,AMBIGUOUS,S1:same_state+prefix3,446.0,Gandhinagar,0.0,460:Surendranagar (100.0%); 446:Gandhinagar (100.0%); 676:Botad (100.0%)
7,Delhi,276447,New Delhi Municipal Council,NCT Municipal Council,12,12,81,North East,100.0,High,AMBIGUOUS,S1:same_state+prefix3,82.0,North West,0.0,81:North East (100.0%); 82:North West (100.0%); 78:East (100.0%)
14,Manipur,276505,Kumbi,Municipality,1,1,259,Thoubal,100.0,High,AMBIGUOUS,S1:same_state+prefix3,254.0,Churachandpur,0.0,259:Thoubal (100.0%); 254:Churachandpur (100.0%); 255:Imphal East (100.0%)
14,Manipur,276514,Moirang,Municipality,1,1,259,Thoubal,100.0,High,AMBIGUOUS,S1:same_state+prefix3,254.0,Churachandpur,0.0,259:Thoubal (100.0%); 254:Churachandpur (100.0%); 255:Imphal East (100.0%)
14,Manipur,276530,Ningthoukhong,Municipality,1,1,259,Thoubal,100.0,High,AMBIGUOUS,S1:same_state+prefix3,254.0,Churachandpur,0.0,259:Thoubal (100.0%); 254:Churachandpur (100.0%); 255:Imphal East (100.0%)
1,Jammu And Kashmir,276581,Municipal Council Kathua,Notified Area Council,1,1,7,Kathua,100.0,High,AMBIGUOUS,S1:same_state+prefix3,624.0,Samba,0.0,7:Kathua (100.0%); 624:Samba (100.0%); 14:Udhampur (100.0%)
10,Bihar,276643,Bihat,Municipality,1,1,202,Khagaria,100.0,High,AMBIGUOUS,S1:same_state+prefix3,191.0,Begusarai,0.0,202:Khagaria (100.0%); 191:Begusarai (100.0%)
3,Punjab,277194,Nayan Gaon,Municipality,1,1,608,S.A.S Nagar,100.0,High,STRONG MATCH,S1:same_state+prefix3,,,100.0,608:S.A.S Nagar (100.0%)
23,Madhya Pradesh,298926,Bakho,Town Panchayat,1,1,390,Anuppur,100.0,High,AMBIGUOUS,S1:same_state+prefix3,429.0,Shahdol,0.0,390:Anuppur (100.0%); 429:Shahdol (100.0%); 436:Umaria (100.0%)
29,Karnataka,299331,Kagawada,Town Panchayat,1,1,527,Belagavi,100.0,High,STRONG MATCH,S1:same_state+prefix3,,,100.0,527:Belagavi (100.0%)
23,Madhya Pradesh,299804,Bargawan (Amlai),Town Panchayat,1,1,390,Anuppur,100.0,High,AMBIGUOUS,S1:same_state+prefix3,429.0,Shahdol,0.0,390:Anuppur (100.0%); 429:Shahdol (100.0%); 436:Umaria (100.0%)
20,Jharkhand,300370,Mahagama Municipal Corporation,Town Panchayat,1,1,324,Deoghar,100.0,High,AMBIGUOUS,S1:same_state+prefix3,330.0,Godda,0.0,324:Deoghar (100.0%); 330:Godda (100.0%); 333:Jamtara (100.0%)
27,Maharashtra,300392,Bhisi,Town Panchayat,1,1,475,Gadchiroli,100.0,High,AMBIGUOUS,S1:same_state+prefix3,473.0,Chandrapur,0.0,475:Gadchiroli (100.0%); 473:Chandrapur (100.0%); 498:Wardha (100.0%)
9,Uttar Pradesh,301014,Belsar,Town Panchayat,1,1,125,Bahraich,100.0,High,AMBIGUOUS,S1:same_state+prefix3,127.0,Balrampur,0.0,125:Bahraich (100.0%); 127:Balrampur (100.0%); 131:Basti (100.0%)
27,Maharashtra,301086,Kandri Kanhan Nagar Panchayat,Town Panchayat,1,1,87,Alwar,100.0,High,AMBIGUOUS,S2:cross_state+prefix3,770.0,Khairthal-Tijara,0.0,87:Alwar (100.0%); 770:Khairthal-Tijara (100.0%); 782:Kotputli-Behror (100.0%)
9,Uttar Pradesh,301249,Grasim Industries Ltd,Notified Area Council,1,1,87,Alwar,100.0,High,AMBIGUOUS,S2:cross_state+prefix3,770.0,Khairthal-Tijara,0.0,87:Alwar (100.0%); 770:Khairthal-Tijara (100.0%); 782:Kotputli-Behror (100.0%)
9,Uttar Pradesh,301364,Harra,Town Panchayat,1,1,87,Alwar,100.0,High,AMBIGUOUS,S2:cross_state+prefix3,770.0,Khairthal-Tijara,0.0,87:Alwar (100.0%); 770:Khairthal-Tijara (100.0%); 782:Kotputli-Behror (100.0%)
8,Rajasthan,302862,Saipau,Municipality,1,1,102,Jaipur,100.0,High,STRONG MATCH,S1:same_state+prefix3,,,100.0,102:Jaipur (100.0%)
8,Rajasthan,302896,Maniyan,Municipality,1,1,102,Jaipur,100.0,High,STRONG MATCH,S1:same_state+prefix3,,,100.0,102:Jaipur (100.0%)
